{
    "RPT": {
        "ScanTime": "0.03 sec.",
        "ScanFile": "20201013_ecommerce_407ef1e4c6dd30497866_20201013115720_scan.json",
        "Warnings": 1,
        "Success": 5
    },
    "SRV": {
        "PHP": {
            "websrv": true,
            "openbase": false,
            "maxtime": false,
            "mysqli": true,
            "version": true,
            "ALL": "Warn"
        },
        "WP": {
            "version": true,
            "core": true,
            "ismu": false,
            "ALL": "Good"
        }
    },
    "ARC": {
        "Size": "0B",
        "DirCount": "0",
        "FileCount": "0",
        "FullCount": "0",
        "WarnFileCount": 0,
        "WarnDirCount": 0,
        "UnreadableDirCount": 0,
        "UnreadableFileCount": 0,
        "FilterDirsAll": [
            "\/home\/vol15_6\/byethost31.com\/b31_26831231\/e-commerces.ga\/htdocs\/.opcache",
            "\/home\/vol15_6\/byethost31.com\/b31_26831231\/e-commerces.ga\/htdocs\/wp-content\/ai1wm-backups",
            "\/home\/vol15_6\/byethost31.com\/b31_26831231\/e-commerces.ga\/htdocs\/wp-content\/backups-dup-lite",
            "\/home\/vol15_6\/byethost31.com\/b31_26831231\/e-commerces.ga\/htdocs\/wp-content\/backups-dup-pro",
            "\/home\/vol15_6\/byethost31.com\/b31_26831231\/e-commerces.ga\/htdocs\/wp-content\/backupwordpress",
            "\/home\/vol15_6\/byethost31.com\/b31_26831231\/e-commerces.ga\/htdocs\/wp-content\/bps-backup",
            "\/home\/vol15_6\/byethost31.com\/b31_26831231\/e-commerces.ga\/htdocs\/wp-content\/cache",
            "\/home\/vol15_6\/byethost31.com\/b31_26831231\/e-commerces.ga\/htdocs\/wp-content\/content\/cache",
            "\/home\/vol15_6\/byethost31.com\/b31_26831231\/e-commerces.ga\/htdocs\/wp-content\/contents\/cache",
            "\/home\/vol15_6\/byethost31.com\/b31_26831231\/e-commerces.ga\/htdocs\/wp-content\/infinitewp\/backups",
            "\/home\/vol15_6\/byethost31.com\/b31_26831231\/e-commerces.ga\/htdocs\/wp-content\/managewp\/backups",
            "\/home\/vol15_6\/byethost31.com\/b31_26831231\/e-commerces.ga\/htdocs\/wp-content\/old-cache",
            "\/home\/vol15_6\/byethost31.com\/b31_26831231\/e-commerces.ga\/htdocs\/wp-content\/plugins\/all-in-one-wp-migration\/storage",
            "\/home\/vol15_6\/byethost31.com\/b31_26831231\/e-commerces.ga\/htdocs\/wp-content\/updraft",
            "\/home\/vol15_6\/byethost31.com\/b31_26831231\/e-commerces.ga\/htdocs\/wp-content\/uploads\/aiowps_backups",
            "\/home\/vol15_6\/byethost31.com\/b31_26831231\/e-commerces.ga\/htdocs\/wp-content\/uploads\/backupbuddy_backups",
            "\/home\/vol15_6\/byethost31.com\/b31_26831231\/e-commerces.ga\/htdocs\/wp-content\/uploads\/backupbuddy_temp",
            "\/home\/vol15_6\/byethost31.com\/b31_26831231\/e-commerces.ga\/htdocs\/wp-content\/uploads\/ithemes-security\/backups",
            "\/home\/vol15_6\/byethost31.com\/b31_26831231\/e-commerces.ga\/htdocs\/wp-content\/uploads\/mainwp\/backup",
            "\/home\/vol15_6\/byethost31.com\/b31_26831231\/e-commerces.ga\/htdocs\/wp-content\/uploads\/pb_backupbuddy",
            "\/home\/vol15_6\/byethost31.com\/b31_26831231\/e-commerces.ga\/htdocs\/wp-content\/uploads\/snapshots",
            "\/home\/vol15_6\/byethost31.com\/b31_26831231\/e-commerces.ga\/htdocs\/wp-content\/uploads\/sucuri",
            "\/home\/vol15_6\/byethost31.com\/b31_26831231\/e-commerces.ga\/htdocs\/wp-content\/uploads\/wp-clone",
            "\/home\/vol15_6\/byethost31.com\/b31_26831231\/e-commerces.ga\/htdocs\/wp-content\/uploads\/wp_all_backup",
            "\/home\/vol15_6\/byethost31.com\/b31_26831231\/e-commerces.ga\/htdocs\/wp-content\/uploads\/wpbackitup_backups",
            "\/home\/vol15_6\/byethost31.com\/b31_26831231\/e-commerces.ga\/htdocs\/wp-content\/wfcache",
            "\/home\/vol15_6\/byethost31.com\/b31_26831231\/e-commerces.ga\/htdocs\/wp-content\/wishlist-backup",
            "\/home\/vol15_6\/byethost31.com\/b31_26831231\/e-commerces.ga\/htdocs\/wp-snapshots"
        ],
        "FilterFilesAll": [
            "error_log",
            "error.log",
            "debug_log",
            "ws_ftp.log",
            "dbcache",
            "pgcache",
            "objectcache",
            ".DS_Store",
            "\/home\/vol15_6\/byethost31.com\/b31_26831231\/e-commerces.ga\/htdocs\/.htaccess",
            "\/home\/vol15_6\/byethost31.com\/b31_26831231\/e-commerces.ga\/htdocs\/web.config",
            "\/home\/vol15_6\/byethost31.com\/b31_26831231\/e-commerces.ga\/htdocs\/wp-config.php"
        ],
        "FilterExtsAll": [],
        "FilterInfo": {
            "Dirs": {
                "Warning": [],
                "Unreadable": [],
                "Core": [
                    "\/home\/vol15_6\/byethost31.com\/b31_26831231\/e-commerces.ga\/htdocs\/wp-snapshots",
                    "\/home\/vol15_6\/byethost31.com\/b31_26831231\/e-commerces.ga\/htdocs\/wp-content\/backups-dup-lite",
                    "\/home\/vol15_6\/byethost31.com\/b31_26831231\/e-commerces.ga\/htdocs\/.opcache",
                    "\/home\/vol15_6\/byethost31.com\/b31_26831231\/e-commerces.ga\/htdocs\/wp-content\/backups-dup-pro",
                    "\/home\/vol15_6\/byethost31.com\/b31_26831231\/e-commerces.ga\/htdocs\/wp-content\/ai1wm-backups",
                    "\/home\/vol15_6\/byethost31.com\/b31_26831231\/e-commerces.ga\/htdocs\/wp-content\/backupwordpress",
                    "\/home\/vol15_6\/byethost31.com\/b31_26831231\/e-commerces.ga\/htdocs\/wp-content\/content\/cache",
                    "\/home\/vol15_6\/byethost31.com\/b31_26831231\/e-commerces.ga\/htdocs\/wp-content\/contents\/cache",
                    "\/home\/vol15_6\/byethost31.com\/b31_26831231\/e-commerces.ga\/htdocs\/wp-content\/infinitewp\/backups",
                    "\/home\/vol15_6\/byethost31.com\/b31_26831231\/e-commerces.ga\/htdocs\/wp-content\/managewp\/backups",
                    "\/home\/vol15_6\/byethost31.com\/b31_26831231\/e-commerces.ga\/htdocs\/wp-content\/old-cache",
                    "\/home\/vol15_6\/byethost31.com\/b31_26831231\/e-commerces.ga\/htdocs\/wp-content\/plugins\/all-in-one-wp-migration\/storage",
                    "\/home\/vol15_6\/byethost31.com\/b31_26831231\/e-commerces.ga\/htdocs\/wp-content\/updraft",
                    "\/home\/vol15_6\/byethost31.com\/b31_26831231\/e-commerces.ga\/htdocs\/wp-content\/wishlist-backup",
                    "\/home\/vol15_6\/byethost31.com\/b31_26831231\/e-commerces.ga\/htdocs\/wp-content\/wfcache",
                    "\/home\/vol15_6\/byethost31.com\/b31_26831231\/e-commerces.ga\/htdocs\/wp-content\/bps-backup",
                    "\/home\/vol15_6\/byethost31.com\/b31_26831231\/e-commerces.ga\/htdocs\/wp-content\/cache",
                    "\/home\/vol15_6\/byethost31.com\/b31_26831231\/e-commerces.ga\/htdocs\/wp-content\/uploads\/aiowps_backups",
                    "\/home\/vol15_6\/byethost31.com\/b31_26831231\/e-commerces.ga\/htdocs\/wp-content\/uploads\/backupbuddy_temp",
                    "\/home\/vol15_6\/byethost31.com\/b31_26831231\/e-commerces.ga\/htdocs\/wp-content\/uploads\/backupbuddy_backups",
                    "\/home\/vol15_6\/byethost31.com\/b31_26831231\/e-commerces.ga\/htdocs\/wp-content\/uploads\/ithemes-security\/backups",
                    "\/home\/vol15_6\/byethost31.com\/b31_26831231\/e-commerces.ga\/htdocs\/wp-content\/uploads\/mainwp\/backup",
                    "\/home\/vol15_6\/byethost31.com\/b31_26831231\/e-commerces.ga\/htdocs\/wp-content\/uploads\/pb_backupbuddy",
                    "\/home\/vol15_6\/byethost31.com\/b31_26831231\/e-commerces.ga\/htdocs\/wp-content\/uploads\/snapshots",
                    "\/home\/vol15_6\/byethost31.com\/b31_26831231\/e-commerces.ga\/htdocs\/wp-content\/uploads\/sucuri",
                    "\/home\/vol15_6\/byethost31.com\/b31_26831231\/e-commerces.ga\/htdocs\/wp-content\/uploads\/wp-clone",
                    "\/home\/vol15_6\/byethost31.com\/b31_26831231\/e-commerces.ga\/htdocs\/wp-content\/uploads\/wp_all_backup",
                    "\/home\/vol15_6\/byethost31.com\/b31_26831231\/e-commerces.ga\/htdocs\/wp-content\/uploads\/wpbackitup_backups"
                ],
                "Global": [],
                "Instance": []
            },
            "Files": {
                "Size": [],
                "Warning": [],
                "Unreadable": [],
                "Core": [],
                "Global": [
                    "error_log",
                    "error.log",
                    "debug_log",
                    "ws_ftp.log",
                    "dbcache",
                    "pgcache",
                    "objectcache",
                    ".DS_Store"
                ],
                "Instance": []
            },
            "Exts": {
                "Core": [],
                "Global": [],
                "Instance": []
            },
            "UDirCount": 0,
            "UFileCount": 0,
            "UExtCount": 0,
            "TreeSize": [],
            "TreeWarning": []
        },
        "RecursiveLinks": [],
        "UnreadableItems": [],
        "Status": {
            "Size": "Good",
            "Names": "Good",
            "UnreadableItems": "Good",
            "MigratePackage": "Good",
            "CanbeMigratePackage": true,
            "showCreateProcStatus": "Good",
            "showCreateProc": true,
            "AddonSites": "Good"
        },
        "Dirs": [],
        "Files": []
    },
    "DB": {
        "Status": {
            "Success": true,
            "DB_Case": "Good",
            "DB_Rows": "Good",
            "DB_Size": "Good",
            "TBL_Case": "Good",
            "TBL_Rows": "Good",
            "TBL_Size": "Good"
        },
        "Size": "3.74MB",
        "Rows": "2,463",
        "TableCount": 54,
        "TableList": {
            "wp4c_actionscheduler_actions": {
                "Case": 0,
                "Rows": "1",
                "Size": "18.25KB",
                "USize": 18684
            },
            "wp4c_actionscheduler_claims": {
                "Case": 0,
                "Rows": "0",
                "Size": "1KB",
                "USize": 1024
            },
            "wp4c_actionscheduler_groups": {
                "Case": 0,
                "Rows": "1",
                "Size": "9.04KB",
                "USize": 9256
            },
            "wp4c_actionscheduler_logs": {
                "Case": 0,
                "Rows": "1",
                "Size": "4.05KB",
                "USize": 4144
            },
            "wp4c_commentmeta": {
                "Case": 0,
                "Rows": "0",
                "Size": "10.1KB",
                "USize": 10344
            },
            "wp4c_comments": {
                "Case": 0,
                "Rows": "0",
                "Size": "1KB",
                "USize": 1024
            },
            "wp4c_duplicator_packages": {
                "Case": 0,
                "Rows": "4",
                "Size": "32.49KB",
                "USize": 33272
            },
            "wp4c_links": {
                "Case": 0,
                "Rows": "0",
                "Size": "1KB",
                "USize": 1024
            },
            "wp4c_mailchimp_carts": {
                "Case": 0,
                "Rows": "0",
                "Size": "2KB",
                "USize": 2048
            },
            "wp4c_mailchimp_jobs": {
                "Case": 0,
                "Rows": "0",
                "Size": "1KB",
                "USize": 1024
            },
            "wp4c_options": {
                "Case": 0,
                "Rows": "544",
                "Size": "1.88MB",
                "USize": 1966336
            },
            "wp4c_postmeta": {
                "Case": 0,
                "Rows": "1,259",
                "Size": "1.03MB",
                "USize": 1083316
            },
            "wp4c_posts": {
                "Case": 0,
                "Rows": "180",
                "Size": "536.93KB",
                "USize": 549812
            },
            "wp4c_term_relationships": {
                "Case": 0,
                "Rows": "47",
                "Size": "3.96KB",
                "USize": 4059
            },
            "wp4c_term_taxonomy": {
                "Case": 0,
                "Rows": "32",
                "Size": "5.47KB",
                "USize": 5600
            },
            "wp4c_termmeta": {
                "Case": 0,
                "Rows": "14",
                "Size": "10.64KB",
                "USize": 10896
            },
            "wp4c_terms": {
                "Case": 0,
                "Rows": "32",
                "Size": "13.94KB",
                "USize": 14272
            },
            "wp4c_tinvwl_analytics": {
                "Case": 0,
                "Rows": "0",
                "Size": "1KB",
                "USize": 1024
            },
            "wp4c_tinvwl_items": {
                "Case": 0,
                "Rows": "0",
                "Size": "1KB",
                "USize": 1024
            },
            "wp4c_tinvwl_lists": {
                "Case": 0,
                "Rows": "1",
                "Size": "2.05KB",
                "USize": 2096
            },
            "wp4c_usermeta": {
                "Case": 0,
                "Rows": "42",
                "Size": "24.23KB",
                "USize": 24816
            },
            "wp4c_users": {
                "Case": 0,
                "Rows": "1",
                "Size": "7.14KB",
                "USize": 7308
            },
            "wp4c_wc_admin_note_actions": {
                "Case": 0,
                "Rows": "7",
                "Size": "3.89KB",
                "USize": 3988
            },
            "wp4c_wc_admin_notes": {
                "Case": 0,
                "Rows": "6",
                "Size": "4.12KB",
                "USize": 4220
            },
            "wp4c_wc_category_lookup": {
                "Case": 0,
                "Rows": "0",
                "Size": "1KB",
                "USize": 1024
            },
            "wp4c_wc_customer_lookup": {
                "Case": 0,
                "Rows": "0",
                "Size": "2KB",
                "USize": 2048
            },
            "wp4c_wc_download_log": {
                "Case": 0,
                "Rows": "0",
                "Size": "1KB",
                "USize": 1024
            },
            "wp4c_wc_order_coupon_lookup": {
                "Case": 0,
                "Rows": "0",
                "Size": "1KB",
                "USize": 1024
            },
            "wp4c_wc_order_product_lookup": {
                "Case": 0,
                "Rows": "0",
                "Size": "1KB",
                "USize": 1024
            },
            "wp4c_wc_order_stats": {
                "Case": 0,
                "Rows": "0",
                "Size": "4KB",
                "USize": 4096
            },
            "wp4c_wc_order_tax_lookup": {
                "Case": 0,
                "Rows": "0",
                "Size": "1KB",
                "USize": 1024
            },
            "wp4c_wc_product_meta_lookup": {
                "Case": 0,
                "Rows": "5",
                "Size": "10.4KB",
                "USize": 10648
            },
            "wp4c_wc_reserved_stock": {
                "Case": 0,
                "Rows": "0",
                "Size": "1KB",
                "USize": 1024
            },
            "wp4c_wc_tax_rate_classes": {
                "Case": 0,
                "Rows": "4",
                "Size": "9.13KB",
                "USize": 9344
            },
            "wp4c_wc_webhooks": {
                "Case": 0,
                "Rows": "0",
                "Size": "1KB",
                "USize": 1024
            },
            "wp4c_woocommerce_api_keys": {
                "Case": 0,
                "Rows": "0",
                "Size": "2KB",
                "USize": 2048
            },
            "wp4c_woocommerce_attribute_taxonomies": {
                "Case": 0,
                "Rows": "2",
                "Size": "3.09KB",
                "USize": 3168
            },
            "wp4c_woocommerce_downloadable_product_permissions": {
                "Case": 0,
                "Rows": "0",
                "Size": "1KB",
                "USize": 1024
            },
            "wp4c_woocommerce_log": {
                "Case": 0,
                "Rows": "0",
                "Size": "1KB",
                "USize": 1024
            },
            "wp4c_woocommerce_order_itemmeta": {
                "Case": 0,
                "Rows": "0",
                "Size": "1KB",
                "USize": 1024
            },
            "wp4c_woocommerce_order_items": {
                "Case": 0,
                "Rows": "0",
                "Size": "1KB",
                "USize": 1024
            },
            "wp4c_woocommerce_payment_tokenmeta": {
                "Case": 0,
                "Rows": "0",
                "Size": "1KB",
                "USize": 1024
            },
            "wp4c_woocommerce_payment_tokens": {
                "Case": 0,
                "Rows": "0",
                "Size": "1KB",
                "USize": 1024
            },
            "wp4c_woocommerce_sessions": {
                "Case": 0,
                "Rows": "2",
                "Size": "6.92KB",
                "USize": 7088
            },
            "wp4c_woocommerce_shipping_zone_locations": {
                "Case": 0,
                "Rows": "0",
                "Size": "1KB",
                "USize": 1024
            },
            "wp4c_woocommerce_shipping_zone_methods": {
                "Case": 0,
                "Rows": "0",
                "Size": "1KB",
                "USize": 1024
            },
            "wp4c_woocommerce_shipping_zones": {
                "Case": 0,
                "Rows": "0",
                "Size": "1KB",
                "USize": 1024
            },
            "wp4c_woocommerce_tax_rate_locations": {
                "Case": 0,
                "Rows": "0",
                "Size": "1KB",
                "USize": 1024
            },
            "wp4c_woocommerce_tax_rates": {
                "Case": 0,
                "Rows": "2",
                "Size": "6.09KB",
                "USize": 6240
            },
            "wp4c_yoast_indexable": {
                "Case": 0,
                "Rows": "124",
                "Size": "55.96KB",
                "USize": 57300
            },
            "wp4c_yoast_indexable_hierarchy": {
                "Case": 0,
                "Rows": "25",
                "Size": "5.51KB",
                "USize": 5645
            },
            "wp4c_yoast_migrations": {
                "Case": 0,
                "Rows": "18",
                "Size": "9.42KB",
                "USize": 9648
            },
            "wp4c_yoast_primary_term": {
                "Case": 0,
                "Rows": "1",
                "Size": "4.04KB",
                "USize": 4140
            },
            "wp4c_yoast_seo_links": {
                "Case": 0,
                "Rows": "108",
                "Size": "18.3KB",
                "USize": 18744
            }
        },
        "RawSize": 3918176
    },
    "LL": {
        "TotalSize": "3.74MB",
        "Status": {
            "TotalSize": "Good"
        }
    }
}